キャビティ厚み,射出率 [㎤/s],ln_eta,ln_sr
0.5,10.62,-0.2713966587942034,0.35174558951429624
0.5,21.24,0.20176366994078387,-0.0014883027929446513
0.5,42.48,0.19115459437228033,-0.016113880203699082
0.5,63.72,0.1039242986285891,0.06530095550993487
0.5,84.96,0.18030497476658303,-0.030216805216419118
0.5,106.2,0.20804461041052225,-0.06548493545839307
0.5,127.44,0.1641501611143492,-0.017352391925685495
0.5,148.68,0.17595330186569313,-0.023086001566214875
0.5,169.92,0.1721817283374052,-0.017806612043253622
1.0,5.31,0.31794666871754895,-0.08691848271847924
1.0,10.62,0.2888495785129068,-0.04304698188096534
1.0,21.24,0.22492497394957756,-0.004252861799069585
1.0,42.48,0.23504528424694326,-0.01253653440143232
1.0,63.72,0.20823129451731281,-0.004339152253749035
1.0,84.96,0.15274733995287537,0.012570869252794381
1.0,106.2,0.1887070596658127,-0.007751695298185979
1.0,127.44,0.18911992702993174,-0.016152594643665807
1.0,148.68,0.2235679740730916,-0.03253966626702898
1.0,169.92,0.17544848515508438,-0.011046883776945293
1.5,1.593,0.383235929594373,-0.09687894045401801
1.5,2.655,0.2746144682766678,-0.04647266511871351
1.5,5.31,0.28966497464262897,-0.030722933382742568
1.5,10.62,0.2798938353608298,-0.004904489364219167
1.5,21.24,0.26644667234982666,-0.00984173418095402
1.5,42.48,0.2738417531629227,-0.018224217504156925
1.5,63.72,0.2530004515253155,-0.01600638756822903
1.5,84.96,-0.01231049007876539,0.29002339449998615
1.5,106.2,0.18068792855501803,0.007136730675153302
1.5,127.44,0.2116161870528046,-0.0014146169554951626
1.5,148.68,0.19301630323640806,-0.0016424581710996478
1.5,169.92,0.17752914266119424,0.009963091598025997
2.0,1.593,0.39569776496349807,-0.0710663882716509
2.0,2.655,0.31857265483939745,-0.04739645867084441
2.0,5.31,0.36408198643772405,-0.054422934695069536
2.0,10.62,0.28972958600187493,-0.009072286585721123
2.0,21.24,0.24994625817217653,0.010927113252610532
2.0,42.48,0.24981635023763893,-0.005571976580552196
2.0,63.72,0.23929897193673133,-0.008389966005634797
2.0,84.96,0.1953900313086443,0.01763119925856671
2.0,106.2,0.21893949469294016,0.010266127733270736
2.0,127.44,0.22127082252279795,-0.001322155112948309
2.0,148.68,0.2092738150189204,0.004943091470218874
2.0,169.92,0.23046497257494192,-0.0152856194659865
