split,model,chain,acc_warm,acc_samp,lambda,chain_seconds,wall_seconds
S1,M1,0,0.2443333333333333,0.22675,0.9293758907315792,780.6342642307281,783.2487046718597
S1,M1,1,0.2203333333333333,0.26575,1.046655898690873,729.8880591392517,783.2487046718597
S1,M1,2,0.2286666666666666,0.241,0.888978544999142,750.3347144126892,783.2487046718597
S1,M1,3,0.2216666666666666,0.239875,1.049568404510952,743.9870154857635,783.2487046718597
S1,M4,0,0.253,0.2025,1.1812080840345758,831.4143326282501,885.4563550949097
S1,M4,1,0.244,0.229375,1.1126101178473595,869.3175129890442,885.4563550949097
S1,M4,2,0.2253333333333333,0.239,1.1941676988241725,885.0967814922333,885.4563550949097
S1,M4,3,0.244,0.234,1.2086061550213194,861.3863923549652,885.4563550949097
S2,M4,0,0.2446666666666666,0.2405,1.2370778723130766,513.7225804328918,522.0633964538574
S2,M4,1,0.243,0.204375,1.0599579865276163,498.1571853160858,522.0633964538574
S2,M4,2,0.2256666666666666,0.24625,0.9553270900856244,521.7651538848877,522.0633964538574
S2,M4,3,0.2276666666666666,0.243375,1.016259092784584,519.9364495277405,522.0633964538574
S2,M1,0,0.241,0.20075,1.0585955833533072,1090.2926168441772,1099.0532081127167
S2,M1,1,0.23466666666666666,0.24675,1.1300205234283167,1078.714926958084,1099.0532081127167
S2,M1,2,0.23566666666666666,0.23855,0.9687808885947318,1090.7016170024872,1099.0532081127167
S2,M1,3,0.23566666666666666,0.2262,1.050664763979018,1096.6006994247437,1099.0532081127167
