split,model,method,R2_ln_eta,RMSE_ln_eta,R2_eta,coverage95,NLPD,mean_pred_sd
S1,M1,MCMC,0.9823015068394478,0.04755370633631843,0.9665770292023286,1.0,-1.7788407281911,0.05805617467898575
S1,M1,MLE,0.9822712712705213,0.04759430865758382,0.9666151084232006,1.0,-1.7808886091845235,0.0564828444697209
S1,M2,OLS,0.8199705204240315,0.15166593204286846,0.8793608894033523,0.7888888888888889,-0.35633542771920884,0.11239819360594781
S1,M3,OLS,0.9999999913746105,3.3197515564315457e-05,0.9999999950750604,1.0,-8.460199037133453,7.69630636098587e-05
S1,M4,MCMC,-2.689501639841456,0.6865941190235192,-1.6485027856647592,1.0,1.1770278777032834,1.0625636825901112
S1,M4,MLE,-2.6792869721060835,0.685643016076957,-1.6440416702957714,1.0,1.1728672661344375,1.0547728109982826
S2,M1,MCMC,0.9999341241715191,0.011027997392367544,0.9999545416619016,1.0,-2.437759932488591,0.03300287808878399
S2,M1,MLE,0.9999343043784514,0.01101290321749728,0.9999546885220284,1.0,-2.439400398618482,0.03294544520929448
S2,M2,OLS,0.9932067533863421,0.11198820926606645,0.9627278461066773,0.9573643410852714,-0.769495692288618,0.11592330479251098
S2,M3,OLS,0.999999996860192,7.61351409051702e-05,0.9999999978259586,0.9302325581395349,-8.063213786063193,7.432908650102741e-05
S2,M4,MCMC,0.9998217044735256,0.018142779944581276,0.9998288546490286,0.9961240310077519,-2.2766384295604705,0.036375155994216736
S2,M4,MLE,0.9998231195156049,0.01807064145985735,0.9998284858298447,0.9961240310077519,-2.2788662639556807,0.036296260484410155
