split,model,chains,n_warm,n_samp_per_chain,draws_total,param,MLE,post_mean,post_sd,q2.5,median,q97.5,r_hat,ess_bulk,ess_tail
S1,M1,4,3000,8000,32000,amplitude,3.049295217106901,3.539256922521712,1.3498271259119738,1.9015788218773195,3.241998627617974,7.125689547012181,1.0014955640953558,1347.8836359598517,1472.1671798388377
S1,M1,4,3000,8000,32000,ls_lnT,20.042445081105488,21.574817921345193,4.832481783500563,14.03913356383954,20.932709847345414,32.863314582515535,1.0025941757863548,1084.5350520581644,1267.1069273348369
S1,M1,4,3000,8000,32000,ls_lnP,1.7017525677298149,1.7876808053755189,0.29981301411691647,1.3253711057043038,1.7437157067251963,2.51558920348613,1.0032843893485712,1233.254970449095,1658.9496980345903
S1,M1,4,3000,8000,32000,ls_lnSR,4.152709375045152,4.369294544961817,0.8419055009821896,3.052921496922191,4.252287187738461,6.34106033669089,1.0014972027846065,1318.374387687244,1695.3058503429381
S1,M1,4,3000,8000,32000,noise,0.0010000000000000002,0.0010021477084484255,2.047885851727905e-06,0.001000061280859732,0.001001534455055362,0.0010074932136473677,1.0019845595616594,1063.3868825608383,1174.930680098514
S1,M4,4,3000,8000,32000,amplitude,1.2160032710363202,1.226077547260252,0.09358348103373339,1.0600039663960066,1.220624728229331,1.428635724391508,1.0017764255424335,1742.0494816645519,2276.1081634182606
S1,M4,4,3000,8000,32000,ls_lnT,0.4565259457905757,0.45766782937879236,0.02911433353007275,0.4022180598465054,0.45739130829034974,0.5190017105314517,1.003277893984319,1674.04315913989,2272.2312650744093
S1,M4,4,3000,8000,32000,ls_lnSR,0.214616465490271,0.21527522055658654,0.011798447267770903,0.19305425801024642,0.21474478552910042,0.2394271700561479,1.002831375067986,1776.8396466353995,2245.55505252135
S1,M4,4,3000,8000,32000,noise,0.0010000000000000002,0.0010029419769509097,2.9443851910667046e-06,0.0010000702814517628,0.0010020769328254998,0.0010107324630770486,1.0019459319005417,1174.202753821283,1329.9553540032368
S2,M1,4,3000,20000,80000,amplitude,3.221237142823595,3.657534622831016,1.3449849637087317,1.966671460926834,3.353680839373512,7.14279388333132,1.003634704950303,1129.8008100334177,1840.1836440547559
S2,M1,4,3000,20000,80000,ls_lnT,21.86519942646165,23.49637560685988,5.28703413135819,15.215125016859574,22.820768032941942,35.739338468326395,1.002829103865416,2778.908892504472,4544.065536075908
S2,M1,4,3000,20000,80000,ls_lnP,1.7956470188651357,1.8696462861703083,0.304552893545935,1.3974892028908632,1.8248711832085711,2.5858999745502866,1.0027312428217872,1129.296451390778,2304.7903694881234
S2,M1,4,3000,20000,80000,ls_lnSR,4.349596810337465,4.533851290091559,0.8344768941850352,3.1795387861092093,4.4317210168408465,6.420175636284698,1.0035515887651285,1115.741421026643,1855.8414896105255
S2,M1,4,3000,20000,80000,noise,0.0010000000000000002,0.0010025088894301325,2.558380622207513e-06,0.0010000582806803902,0.0010017277698594657,0.0010094486381600411,1.0010971825500234,2998.956024959797,3579.9699557719205
S2,M4,4,3000,8000,32000,amplitude,1.1880566539482036,1.2021155222410707,0.09192631209015104,1.0435793689828676,1.1930718886287461,1.4022454575498602,1.0035759150084267,1404.8663178230825,1944.5852973833698
S2,M4,4,3000,8000,32000,ls_lnT,0.4740308491721164,0.47507309525402797,0.031859547448346355,0.4142601586428693,0.4739439562675135,0.5428437791398208,1.0039538504543875,1482.4840601122314,2079.49986441619
S2,M4,4,3000,8000,32000,ls_lnSR,0.2213474630757132,0.2227662972151231,0.012561269102683606,0.19892358973463514,0.22247189500602244,0.24821846830879654,1.0031187648762032,1229.1565326467057,2076.4152883685665
S2,M4,4,3000,8000,32000,noise,0.0010000000000000002,0.0010040716232168673,4.20988412170846e-06,0.0010000822823671453,0.0010027961810241117,0.0010152262093147926,1.001037172324754,1258.7779200980833,1685.8181075992636
